RBD_WT	1
RBD_WT	2
RBD_WT	3
RBD_WT	4
RBD_WT	5
RBD_WT	6
RBD_WT	7
RBD_WT	8
RBD_WT	9
RBD_WT	10
RBD_WT	11
RBD_WT	12
RBD_WT	13
RBD_WT	14
RBD_WT	15
RBD_WT	16
RBD_WT	17
RBD_WT	18
RBD_WT	19
RBD_WT	20
RBD_WT	21
RBD_WT	22
RBD_WT	23
RBD_WT	24
RBD_WT	25
RBD_WT	26
RBD_WT	27
RBD_WT	28
RBD_WT	29
RBD_WT	30
RBD_WT	31
RBD_WT	32
RBD_WT	33
RBD_WT	34
RBD_WT	35
RBD_WT	36
RBD_WT	37
RBD_WT	38
RBD_WT	39
RBD_WT	40
RBD_WT	41
RBD_WT	42
RBD_WT	43
RBD_WT	44
RBD_WT	45
RBD_WT	46
RBD_WT	47
RBD_WT	48
RBD_WT	49
RBD_WT	50
RBD_WT	51
RBD_WT	52
RBD_WT	53
RBD_WT	54
RBD_WT	55
RBD_WT	56
RBD_WT	57
RBD_WT	58
RBD_WT	59
RBD_WT	60
RBD_WT	61
RBD_WT	62
RBD_WT	63
RBD_WT	64
RBD_WT	65
RBD_WT	66
RBD_WT	67
RBD_WT	68
RBD_WT	69
RBD_WT	70
RBD_WT	71
RBD_WT	72
RBD_WT	73
RBD_WT	74
RBD_WT	75
RBD_WT	76
RBD_WT	77
RBD_WT	78
RBD_WT	79
RBD_WT	80
RBD_WT	81
RBD_WT	82
RBD_WT	83
RBD_WT	84
RBD_WT	85
RBD_WT	86
RBD_WT	87
RBD_WT	88
RBD_WT	89
RBD_WT	90
RBD_WT	91
RBD_WT	92
RBD_WT	93
RBD_WT	94
RBD_WT	95
RBD_WT	96
RBD_WT	97
RBD_WT	98
RBD_WT	99
RBD_WT	100
RBD_WT	101
RBD_WT	102
RBD_WT	103
RBD_WT	104
RBD_WT	105
RBD_WT	106
RBD_WT	107
RBD_WT	108
RBD_WT	109
RBD_WT	110
RBD_WT	111
RBD_WT	112
RBD_WT	113
RBD_WT	114
RBD_WT	115
RBD_WT	116
RBD_WT	117
RBD_WT	118
RBD_WT	119
RBD_WT	120
RBD_WT	121
RBD_WT	122
RBD_WT	123
RBD_WT	124
RBD_WT	125
RBD_WT	126
RBD_WT	127
RBD_WT	128
RBD_WT	129
RBD_WT	130
RBD_WT	131
RBD_WT	132
RBD_WT	133
RBD_WT	134
RBD_WT	135
RBD_WT	136
RBD_WT	137
RBD_WT	138
RBD_WT	139
RBD_WT	140
RBD_WT	141
RBD_WT	142
RBD_WT	143
RBD_WT	144
RBD_WT	145
RBD_WT	146
RBD_WT	147
RBD_WT	148
RBD_WT	149
RBD_WT	150
RBD_WT	151
RBD_WT	152
RBD_WT	153
RBD_WT	154
RBD_WT	155
RBD_WT	156
RBD_WT	157
RBD_WT	158
RBD_WT	159
RBD_WT	160
RBD_WT	161
RBD_WT	162
RBD_WT	163
RBD_WT	164
RBD_WT	165
RBD_WT	166
RBD_WT	167
RBD_WT	168
RBD_WT	169
RBD_WT	170
RBD_WT	171
RBD_WT	172
RBD_WT	173
RBD_WT	174
RBD_WT	175
RBD_WT	176
RBD_WT	177
RBD_WT	178
RBD_WT	179
RBD_WT	180
RBD_WT	181
RBD_WT	182
RBD_WT	183
RBD_WT	184
RBD_WT	185
RBD_WT	186
RBD_WT	187
RBD_WT	188
RBD_WT	189
RBD_WT	190
RBD_WT	191
RBD_WT	192
RBD_WT	193
RBD_WT	194
RBD_WT	195
RBD_WT	196
RBD_WT	197
RBD_WT	198
RBD_WT	199
RBD_WT	200
RBD_WT	201
RBD_WT	202
RBD_WT	203
RBD_WT	204
RBD_WT	205
RBD_WT	206
RBD_WT	207
RBD_WT	208
RBD_WT	209
RBD_WT	210
RBD_WT	211
RBD_WT	212
RBD_WT	213
RBD_WT	214
RBD_WT	215
RBD_WT	216
RBD_WT	217
RBD_WT	218
RBD_WT	219
RBD_WT	220
RBD_WT	221
RBD_WT	222
RBD_WT	223
RBD_WT	224
RBD_WT	225
RBD_WT	226
RBD_WT	227
RBD_WT	228
RBD_WT	229
RBD_WT	230
RBD_WT	231
RBD_WT	232
RBD_WT	233
RBD_WT	234
RBD_WT	235
RBD_WT	236
RBD_WT	237
RBD_WT	238
RBD_WT	239
RBD_WT	240
RBD_WT	241
RBD_WT	242
RBD_WT	243
RBD_WT	244
RBD_WT	245
RBD_WT	246
RBD_WT	247
RBD_WT	248
RBD_WT	249
RBD_WT	250
RBD_WT	251
RBD_WT	252
RBD_WT	253
RBD_WT	254
RBD_WT	255
RBD_WT	256
RBD_WT	257
RBD_WT	258
RBD_WT	259
RBD_WT	260
RBD_WT	261
RBD_WT	262
RBD_WT	263
RBD_WT	264
RBD_WT	265
RBD_WT	266
RBD_WT	267
RBD_WT	268
RBD_WT	269
RBD_WT	270
RBD_WT	271
RBD_WT	272
RBD_WT	273
RBD_WT	274
RBD_WT	275
RBD_WT	276
RBD_WT	277
RBD_WT	278
RBD_WT	279
RBD_WT	280
RBD_WT	281
RBD_WT	282
RBD_WT	283
RBD_WT	284
RBD_WT	285
RBD_WT	286
RBD_WT	287
RBD_WT	288
RBD_WT	289
RBD_WT	290
RBD_WT	291
RBD_WT	292
RBD_WT	293
RBD_WT	294
RBD_WT	295
RBD_WT	296
RBD_WT	297
RBD_WT	298
RBD_WT	299
RBD_WT	300
RBD_WT	301
RBD_WT	302
RBD_WT	303
RBD_WT	304
RBD_WT	305
RBD_WT	306
RBD_WT	307
RBD_WT	308
RBD_WT	309
RBD_WT	310
RBD_WT	311
RBD_WT	312
RBD_WT	313
RBD_WT	314
RBD_WT	315
RBD_WT	316
RBD_WT	317
RBD_WT	318
RBD_WT	319
RBD_WT	320
RBD_WT	321
RBD_WT	322
RBD_WT	323
RBD_WT	324
RBD_WT	325
RBD_WT	326
RBD_WT	327
RBD_WT	328
RBD_WT	329
RBD_WT	330
RBD_WT	331
RBD_WT	332
RBD_WT	333
RBD_WT	334
RBD_WT	335
RBD_WT	336
RBD_WT	337
RBD_WT	338
RBD_WT	339
RBD_WT	340
RBD_WT	341
RBD_WT	342
RBD_WT	343
RBD_WT	344
RBD_WT	345
RBD_WT	346
RBD_WT	347
RBD_WT	348
RBD_WT	349
RBD_WT	350
RBD_WT	351
RBD_WT	352
RBD_WT	353
RBD_WT	354
RBD_WT	355
RBD_WT	356
RBD_WT	357
RBD_WT	358
RBD_WT	359
RBD_WT	360
RBD_WT	361
RBD_WT	362
RBD_WT	363
RBD_WT	364
RBD_WT	365
RBD_WT	366
RBD_WT	367
RBD_WT	368
RBD_WT	369
RBD_WT	370
RBD_WT	371
RBD_WT	372
RBD_WT	373
RBD_WT	374
RBD_WT	375
RBD_WT	376
RBD_WT	377
RBD_WT	378
RBD_WT	379
RBD_WT	380
RBD_WT	381
RBD_WT	382
RBD_WT	383
RBD_WT	384
RBD_WT	385
RBD_WT	386
RBD_WT	387
RBD_WT	388
RBD_WT	389
RBD_WT	390
RBD_WT	391
RBD_WT	392
RBD_WT	393
RBD_WT	394
RBD_WT	395
RBD_WT	396
RBD_WT	397
RBD_WT	398
RBD_WT	399
RBD_WT	400
RBD_WT	401
RBD_WT	402
RBD_WT	403
RBD_WT	404
RBD_WT	405
RBD_WT	406
RBD_WT	407
RBD_WT	408
RBD_WT	409
RBD_WT	410
RBD_WT	411
RBD_WT	412
RBD_WT	413
RBD_WT	414
RBD_WT	415
RBD_WT	416
RBD_WT	417
RBD_WT	418
RBD_WT	419
RBD_WT	420
RBD_WT	421
RBD_WT	422
RBD_WT	423
RBD_WT	424
RBD_WT	425
RBD_WT	426
RBD_WT	427
RBD_WT	428
RBD_WT	429
RBD_WT	430
RBD_WT	431
RBD_WT	432
RBD_WT	433
RBD_WT	434
RBD_WT	435
RBD_WT	436
RBD_WT	437
RBD_WT	438
RBD_WT	439
RBD_WT	440
RBD_WT	441
RBD_WT	442
RBD_WT	443
RBD_WT	444
RBD_WT	445
RBD_WT	446
RBD_WT	447
RBD_WT	448
RBD_WT	449
RBD_WT	450
RBD_WT	451
RBD_WT	452
RBD_WT	453
RBD_WT	454
RBD_WT	455
RBD_WT	456
RBD_WT	457
RBD_WT	458
RBD_WT	459
RBD_WT	460
RBD_WT	461
RBD_WT	462
RBD_WT	463
RBD_WT	464
RBD_WT	465
RBD_WT	466
RBD_WT	467
RBD_WT	468
RBD_WT	469
RBD_WT	470
RBD_WT	471
RBD_WT	472
RBD_WT	473
RBD_WT	474
RBD_WT	475
RBD_WT	476
RBD_WT	477
RBD_WT	478
RBD_WT	479
RBD_WT	480
RBD_WT	481
RBD_WT	482
RBD_WT	483
RBD_WT	484
RBD_WT	485
RBD_WT	486
RBD_WT	487
RBD_WT	488
RBD_WT	489
RBD_WT	490
RBD_WT	491
RBD_WT	492
RBD_WT	493
RBD_WT	494
RBD_WT	495
RBD_WT	496
RBD_WT	497
RBD_WT	498
RBD_WT	499
RBD_WT	500
RBD_WT	501
RBD_WT	502
RBD_WT	503
RBD_WT	504
RBD_WT	505
RBD_WT	506
RBD_WT	507
RBD_WT	508
RBD_WT	509
RBD_WT	510
RBD_WT	511
RBD_WT	512
RBD_WT	513
RBD_WT	514
RBD_WT	515
RBD_WT	516
RBD_WT	517
RBD_WT	518
RBD_WT	519
RBD_WT	520
RBD_WT	521
RBD_WT	522
RBD_WT	523
RBD_WT	524
RBD_WT	525
RBD_WT	526
RBD_WT	527
RBD_WT	528
RBD_WT	529
RBD_WT	530
RBD_WT	531
RBD_WT	532
RBD_WT	533
RBD_WT	534
RBD_WT	535
RBD_WT	536
RBD_WT	537
RBD_WT	538
RBD_WT	539
RBD_WT	540
RBD_WT	541
RBD_WT	542
RBD_WT	543
RBD_WT	544
RBD_WT	545
RBD_WT	546
RBD_WT	547
RBD_WT	548
RBD_WT	549
RBD_WT	550
RBD_WT	551
RBD_WT	552
RBD_WT	553
RBD_WT	554
RBD_WT	555
RBD_WT	556
RBD_WT	557
RBD_WT	558
RBD_WT	559
RBD_WT	560
RBD_WT	561
RBD_WT	562
RBD_WT	563
RBD_WT	564
RBD_WT	565
RBD_WT	566
RBD_WT	567
RBD_WT	568
RBD_WT	569
RBD_WT	570
RBD_WT	571
RBD_WT	572
RBD_WT	573
RBD_WT	574
RBD_WT	575
RBD_WT	576
RBD_WT	577
RBD_WT	578
RBD_WT	579
RBD_WT	580
RBD_WT	581
RBD_WT	582
RBD_WT	583
RBD_WT	584
RBD_WT	585
RBD_WT	586
RBD_WT	587
RBD_WT	588
RBD_WT	589
RBD_WT	590
RBD_WT	591
RBD_WT	592
RBD_WT	593
RBD_WT	594
RBD_WT	595
RBD_WT	596
RBD_WT	597
RBD_WT	598
RBD_WT	599
RBD_WT	600
RBD_WT	601
RBD_WT	602
RBD_WT	603
RBD_WT	604
RBD_WT	605
RBD_WT	606
RBD_WT	607
RBD_WT	608
RBD_WT	609
RBD_WT	610
RBD_WT	611
RBD_WT	612
RBD_WT	613
RBD_WT	614
RBD_WT	615
RBD_WT	616
RBD_WT	617
RBD_WT	618
RBD_WT	619
RBD_WT	620
RBD_WT	621
RBD_WT	622
RBD_WT	623
RBD_WT	624
RBD_WT	625
RBD_WT	626
RBD_WT	627
RBD_WT	628
RBD_WT	629
RBD_WT	630
RBD_WT	631
RBD_WT	632
RBD_WT	633
RBD_WT	634
RBD_WT	635
RBD_WT	636
RBD_WT	637
RBD_WT	638
RBD_WT	639
RBD_WT	640
RBD_WT	641
RBD_WT	642
RBD_WT	643
RBD_WT	644
RBD_WT	645
RBD_WT	646
RBD_WT	647
RBD_WT	648
RBD_WT	649
RBD_WT	650
RBD_WT	651
RBD_WT	652
RBD_WT	653
RBD_WT	654
RBD_WT	655
RBD_WT	656
RBD_WT	657
RBD_WT	658
RBD_WT	659
RBD_WT	660
RBD_WT	661
RBD_WT	662
RBD_WT	663
RBD_WT	664
RBD_WT	665
RBD_WT	666
RBD_WT	667
RBD_WT	668
RBD_WT	669
